{"cameraMode":{"drawMode":0,"name":"Shaded","section":"Shading Mode"},"sceneLighting":false,"audioPlay":false,"sceneViewState":{"showFog":true,"showMaterialUpdate":false,"showSkybox":false,"showFlares":true,"showImageEffects":true,"showParticleSystems":true},"in2DMode":false,"pivot":{"x":-24.692798614501954,"y":14.613499641418457,"z":-42.46139907836914},"rotation":{"x":-0.3485312759876251,"y":0.6169857382774353,"z":-0.3514702618122101,"w":-0.6118261218070984},"size":12.861490249633789,"orthographic":false}